instance,runtime
2,1.48393
6,11.2834
5,7.811
3,3.80791
7,64.0562
1,0.119998
8,79.7163
4,5.14755
