instance,runtime
2,1.59595
1,0.135997
7,63.6513
3,3.52788
6,12.2955
5,8.25971
8,68.2139
4,5.49586
