instance,runtime
4,19.49
1,0.707978
3,14.235
2,3.33988
10,76.706
7,48.679
8,118.293
6,16.2116
5,16.9596
