instance,runtime
1,0.0037286
3,0.21999
4,5.76777
2,0.0639945
