instance,runtime
3,2.26387
2,0.423973
1,0.107987
4,100.299
5,82.2896
