instance,runtime
1,0.00795676
6,4.43171
4,7.65116
3,0.303971
2,0.0799946
