instance,runtime
2,1.67195
1,2.9879
4,2.8199
3,4.90375
