instance,runtime
5,0.239983
3,0.0399961
6,179.333
2,0.0239937
4,59.249
1,0.0159788
