instance,runtime
10,108.529
7,20.6235
3,0.191986
1,0.219988
2,0.943971
4,0.999956
8,30.2352
5,4.03577
6,10.6668
