instance,runtime
10,76.41
7,7.86379
8,18.7789
4,0.335988
12,271.767
11,149.884
9,38.8889
2,0.0319906
6,3.08389
3,0.107991
5,0.991968
1,0.00799799
